Survey year,State,State (FIPS code),FI,FI_L,FI_VL,UN,POV,Total household income,HISP,BLACK,OWN,DSBL
2009,Alabama,1,0.1511254,0.0836013,0.0675241,0.0515775,0.1474453,42422,0.0315501,0.2880658,0.7477563,0.1201646
2010,Alabama,1,0.1567044,0.1066236,0.0500808,0.0511064,0.1791045,39264,0.0416228,0.294784,0.7134683,0.1217071
2011,Alabama,1,0.1399046,0.0794913,0.0604134,0.0423035,0.18,40000,0.0390284,0.2843886,0.7566064,0.1258188
2012,Alabama,1,0.1428571,0.0850722,0.0577849,0.0306969,0.1613054,41950,0.0345686,0.2856748,0.7693006,0.1424226
2013,Alabama,1,0.1294118,0.0773109,0.0521008,0.0338314,0.1777886,41999,0.0515929,0.2802368,0.7335835,0.1296871
2014,Alabama,1,0.1568627,0.0918473,0.0650155,0.0314065,0.1909135,42000,0.0514338,0.2758307,0.7246039,0.1228949
2015,Alabama,1,0.1359649,0.0824561,0.0535088,0.0248203,0.1805287,42672.5,0.0463882,0.2535091,0.7253565,0.1150291
2016,Alabama,1,0.1147826,0.0652174,0.0495652,0.0268957,0.1684397,45185,0.043908,0.2663642,0.7183419,0.1267012
2017,Alabama,1,0.0874317,0.0428051,0.0446266,0.0175131,0.1693326,48100,0.0482407,0.258876,0.7311058,0.1217959
2018,Alabama,1,0.0846008,0.0465779,0.0380228,0.017976,0.1598013,51228,0.0579228,0.2498336,0.7110181,0.1081891
2009,Alaska,2,0.1317935,0.0855978,0.0461957,0.0427938,0.0782609,67553.5,0.0512195,0.0392461,0.7196941,0.094235
2010,Alaska,2,0.1089838,0.0677467,0.0412371,0.0457863,0.1257375,64994,0.057067,0.0391506,0.7193804,0.0851582
2011,Alaska,2,0.1008902,0.0667656,0.0341246,0.0407691,0.1197836,59875,0.0599954,0.0338198,0.7069486,0.0859393
2012,Alaska,2,0.087156,0.0519878,0.0351682,0.0372326,0.1161905,61273.5,0.0660153,0.0240296,0.7150163,0.0858199
2013,Alaska,2,0.0953125,0.053125,0.0421875,0.0313563,0.1109258,65510.5,0.0894507,0.0260088,0.7083665,0.08386
2014,Alaska,2,0.1087315,0.07743,0.0313015,0.0331562,0.1047662,67645,0.0885852,0.0349279,0.6980241,0.0759301
2015,Alaska,2,0.1027397,0.0702055,0.0325342,0.0370935,0.1162489,70504,0.0828252,0.0360772,0.6687268,0.0868902
2016,Alaska,2,0.0807754,0.0549273,0.0258481,0.0290257,0.0950266,76948,0.0676426,0.0315497,0.6988564,0.0880868
2017,Alaska,2,0.0758853,0.0489039,0.0269815,0.0409529,0.1255814,77096,0.0647752,0.0313169,0.7099373,0.0880621
2018,Alaska,2,0.0727273,0.0327273,0.04,0.0355097,0.1470297,73559.5,0.0704467,0.0335052,0.6674607,0.0924971
2009,Arizona,4,0.1527778,0.0972222,0.0555556,0.0447831,0.185487,46608.5,0.3528722,0.0513482,0.6879245,0.0811254
2010,Arizona,4,0.1092564,0.0622155,0.047041,0.0459849,0.2266869,44577,0.3630748,0.054221,0.6781905,0.0892244
2011,Arizona,4,0.1255605,0.077728,0.0478326,0.0455378,0.1938815,47000,0.371167,0.0343249,0.6781609,0.0837529
2012,Arizona,4,0.1203008,0.0646617,0.0556391,0.0383259,0.1933571,47199,0.381613,0.0406772,0.6587514,0.0719492
2013,Arizona,4,0.1219512,0.0746951,0.0472561,0.0355198,0.2024341,46026,0.4032678,0.0523325,0.6271186,0.0843003
2014,Arizona,4,0.1246851,0.0793451,0.0453401,0.0313767,0.2123288,48197,0.4085379,0.0461046,0.6380228,0.0751334
2015,Arizona,4,0.0995261,0.0556872,0.0438389,0.0235823,0.2101232,50000,0.4246678,0.0415497,0.6221242,0.0819764
2016,Arizona,4,0.1035714,0.0642857,0.0392857,0.0224085,0.1776171,52913,0.4053562,0.0389871,0.6051221,0.0929131
2017,Arizona,4,0.0821745,0.0404551,0.0417193,0.0231454,0.1684802,57354,0.3998022,0.0379822,0.6332226,0.0878338
2018,Arizona,4,0.0926396,0.0571066,0.035533,0.0231815,0.1394946,60811,0.3840927,0.0479616,0.6554344,0.0935252
2009,Arkansas,5,0.1653418,0.1065183,0.0588235,0.0377615,0.1508088,41697,0.0638413,0.142081,0.7033582,0.1149144
2010,Arkansas,5,0.1414141,0.0824916,0.0589226,0.0385501,0.1864837,37757,0.0658803,0.1435558,0.7105263,0.1136364
2011,Arkansas,5,0.1715771,0.1091854,0.0623917,0.0394737,0.151912,39982.5,0.069378,0.1563995,0.6935649,0.117823
2012,Arkansas,5,0.1925566,0.105178,0.0873786,0.0322019,0.1829204,41506,0.0713664,0.154047,0.6511628,0.1276472
2013,Arkansas,5,0.1755233,0.1111111,0.0644122,0.0312169,0.2067219,40000,0.087037,0.1386243,0.6475771,0.1140212
2014,Arkansas,5,0.1465517,0.0840517,0.0625,0.0268531,0.1754386,40000,0.0940968,0.15668,0.6486726,0.1216156
2015,Arkansas,5,0.1357285,0.0858283,0.0499002,0.0241709,0.1909316,44400,0.0723253,0.1607645,0.6590832,0.1193554
2016,Arkansas,5,0.1115538,0.0687251,0.0428287,0.0143623,0.1579108,45014,0.0723309,0.1541789,0.7103408,0.1110919
2017,Arkansas,5,0.1144578,0.0712851,0.0431727,0.0146851,0.1572858,49125,0.0928875,0.1291578,0.6980568,0.1144728
2018,Arkansas,5,0.0743802,0.0402893,0.0340909,0.0165726,0.1388531,50639.5,0.1014387,0.1389547,0.6755089,0.1087234
2009,California,6,0.1347466,0.0823587,0.0523879,0.0558994,0.1515964,57446,0.418909,0.0601969,0.5784936,0.0694654
2010,California,6,0.1236715,0.0792271,0.0444444,0.0610135,0.1575137,56535.5,0.4322787,0.0589714,0.5668648,0.0689937
2011,California,6,0.1295721,0.0851064,0.0444657,0.0569501,0.1675505,54178,0.429735,0.0579364,0.5526276,0.0699628
2012,California,6,0.1150401,0.0702499,0.0447902,0.0533333,0.1752895,54000,0.4281978,0.0575758,0.5489411,0.0719936
2013,California,6,0.1068966,0.0657471,0.0411494,0.0423033,0.1663862,56217.5,0.4269067,0.0574271,0.5419679,0.0727369
2014,California,6,0.0914004,0.0589756,0.0324248,0.0365446,0.157275,57494.5,0.4246169,0.0601379,0.5468275,0.0754923
2015,California,6,0.0867658,0.0567877,0.0299781,0.0295313,0.1633211,60034,0.4166137,0.0558237,0.5444674,0.0730979
2016,California,6,0.0823156,0.0522716,0.030044,0.0250424,0.1421275,62594,0.4158806,0.0502884,0.5497425,0.0728537
2017,California,6,0.0711814,0.0427583,0.0284231,0.0236614,0.1393129,66882,0.414826,0.0528277,0.5605911,0.0734801
2018,California,6,0.0748865,0.0499244,0.0249622,0.0204574,0.1238737,70000,0.4227165,0.0494125,0.5647718,0.0693104
2009,Colorado,8,0.1076658,0.0637382,0.0439276,0.0411427,0.1180846,60475,0.2074904,0.0462001,0.7244434,0.0679333
2010,Colorado,8,0.1077844,0.0658683,0.0419162,0.0480692,0.1295045,56200,0.2203728,0.0404794,0.6994966,0.0665779
2011,Colorado,8,0.1087866,0.0627615,0.0460251,0.0469216,0.1306151,60053,0.2184703,0.0451587,0.6752118,0.0751288
2012,Colorado,8,0.1191667,0.0658333,0.0533333,0.0418432,0.1269371,61009,0.2236494,0.0487288,0.6780186,0.078125
2013,Colorado,8,0.1041667,0.07,0.0341667,0.0349772,0.1219512,60000,0.2256768,0.0495846,0.6745011,0.0793353
2014,Colorado,8,0.0858124,0.0560641,0.0297483,0.0307764,0.1150442,65105,0.2312094,0.0496443,0.678062,0.0771729
2015,Colorado,8,0.0590062,0.0263975,0.0326087,0.021786,0.1199597,62947,0.2290768,0.045082,0.6433365,0.0819672
2016,Colorado,8,0.056213,0.0399408,0.0162722,0.0191501,0.0956848,67000,0.2271773,0.0343652,0.6576819,0.0763379
2017,Colorado,8,0.0515933,0.0333839,0.0182094,0.0113009,0.0852373,71196,0.2255148,0.0344048,0.6989474,0.0690608
2018,Colorado,8,0.0588235,0.0317965,0.027027,0.0170648,0.078503,75006.5,0.2522972,0.0315043,0.6815618,0.0714098
2009,Connecticut,9,0.0856905,0.0499168,0.0357737,0.0440546,0.0877315,67000,0.1213176,0.0938672,0.7410873,0.0749866
2010,Connecticut,9,0.1021417,0.0650741,0.0370675,0.0471328,0.0931494,67997,0.1186174,0.0995025,0.7514137,0.0703064
2011,Connecticut,9,0.088061,0.0550381,0.0330229,0.046347,0.0898591,68448,0.1312942,0.1003072,0.7446243,0.0681181
2012,Connecticut,9,0.105761,0.0679278,0.0378332,0.0392369,0.1059147,70134,0.136788,0.0978217,0.7258917,0.0683263
2013,Connecticut,9,0.0862676,0.0545775,0.0316901,0.0387629,0.1041002,67113,0.1279037,0.0987965,0.735023,0.070529
2014,Connecticut,9,0.0989399,0.0471143,0.0518257,0.0340891,0.109547,70203,0.1424666,0.1083776,0.7263765,0.068339
2015,Connecticut,9,0.0741483,0.0400802,0.0340681,0.0290574,0.0805556,73487.5,0.1363099,0.0904796,0.7311969,0.0706355
2016,Connecticut,9,0.0696325,0.032882,0.0367505,0.0286179,0.0967927,73947,0.1629268,0.0887805,0.6796537,0.075122
2017,Connecticut,9,0.0682261,0.0526316,0.0155945,0.0220177,0.1094118,75566,0.183043,0.1114032,0.6596801,0.0663819
2018,Connecticut,9,0.0855019,0.0557621,0.0297398,0.0202263,0.1109718,73848,0.1775797,0.1151868,0.6921227,0.0863901
2009,Delaware,10,0.0737218,0.0439952,0.0297265,0.0403194,0.1024358,53000,0.0720686,0.2062719,0.7552811,0.0794702
2010,Delaware,10,0.088411,0.046595,0.041816,0.0407583,0.1327519,53893,0.0815166,0.2151659,0.7384085,0.0817062
2011,Delaware,10,0.0996399,0.0636255,0.0360144,0.0364855,0.1297806,55593,0.0967982,0.2038347,0.7482475,0.0753909
2012,Delaware,10,0.0901542,0.0486358,0.0415184,0.0400302,0.1490944,56000,0.1036631,0.2290408,0.7299937,0.0787387
2013,Delaware,10,0.0968123,0.0613932,0.0354191,0.0331958,0.1460481,50000,0.0988018,0.2186211,0.7432787,0.0838735
2014,Delaware,10,0.0815217,0.0557065,0.0258152,0.0253661,0.1401425,54215.5,0.0987833,0.2212827,0.7483037,0.0785729
2015,Delaware,10,0.0824742,0.0704467,0.0120275,0.0215054,0.1158915,60000,0.1180352,0.2086999,0.7443581,0.076002
2016,Delaware,10,0.0876289,0.0515464,0.0360825,0.0195606,0.1130723,58000,0.1185676,0.2284081,0.726455,0.085164
2017,Delaware,10,0.0762565,0.0433276,0.0329289,0.0247177,0.1229827,58608,0.1299969,0.2239854,0.6938232,0.0982606
2018,Delaware,10,0.0604396,0.032967,0.0274725,0.0174793,0.0954447,63002,0.1137688,0.2269243,0.7329224,0.092303
2009,District of Columbia,11,0.1127273,0.08,0.0327273,0.0479339,0.1631683,52814.5,0.1293979,0.5171192,0.4954303,0.0883117
2010,District of Columbia,11,0.0825792,0.0565611,0.0260181,0.0488981,0.1732595,50292,0.1260331,0.5243343,0.4955956,0.0847107
2011,District of Columbia,11,0.0911243,0.0544379,0.0366864,0.0546702,0.2015306,50600,0.1146525,0.5192563,0.4911785,0.0816733
2012,District of Columbia,11,0.100907,0.0657596,0.0351474,0.0538427,0.2052167,51005,0.1105898,0.5118409,0.4905521,0.0878016
2013,District of Columbia,11,0.1094641,0.0695553,0.0399088,0.0395083,0.1754055,61288,0.1156716,0.4809043,0.4975177,0.0781387
2014,District of Columbia,11,0.0871849,0.0546218,0.032563,0.0416484,0.1991291,58040,0.1185883,0.4658045,0.445708,0.0839544
2015,District of Columbia,11,0.0966469,0.0641026,0.0325444,0.0345899,0.1751714,66128,0.1236537,0.4449047,0.4382342,0.0793289
2016,District of Columbia,11,0.0685328,0.042471,0.0260618,0.029336,0.1630592,65011,0.1127849,0.4578791,0.4529254,0.0864222
2017,District of Columbia,11,0.0765408,0.0387674,0.0377734,0.028147,0.1585827,69185,0.112588,0.4341282,0.4679404,0.0903049
2018,District of Columbia,11,0.0743169,0.0459016,0.0284153,0.0273396,0.1304348,80050,0.1196635,0.4073607,0.4906175,0.0887487
2009,Florida,12,0.1283662,0.0740575,0.0543088,0.0488747,0.1290281,47198,0.2442979,0.1475335,0.7309759,0.0789573
2010,Florida,12,0.121267,0.0778281,0.0434389,0.0510739,0.1475731,46175,0.2629714,0.1544025,0.7074669,0.0822939
2011,Florida,12,0.1074681,0.0601093,0.0473588,0.0456642,0.1649941,45000,0.2493081,0.1510609,0.693103,0.0832565
2012,Florida,12,0.1036199,0.0665158,0.0371041,0.0391859,0.1528662,45058,0.2501519,0.1632746,0.6693092,0.0829283
2013,Florida,12,0.0911516,0.0497999,0.0413517,0.0333383,0.1580374,46889,0.2708831,0.1505817,0.6576632,0.0856205
2014,Florida,12,0.0998294,0.0610068,0.0388225,0.0296008,0.1557304,49000,0.2773807,0.1533463,0.659176,0.0893798
2015,Florida,12,0.0773411,0.0438963,0.0334448,0.0241058,0.1726968,46063,0.2921674,0.1543899,0.6415027,0.0864555
2016,Florida,12,0.0817073,0.053252,0.0284553,0.0215827,0.1675406,49040,0.2947503,0.1625472,0.6433779,0.0829119
2017,Florida,12,0.0865303,0.0609548,0.0255754,0.0195018,0.1327565,52202,0.2946619,0.1610676,0.6462985,0.0815658
2018,Florida,12,0.0684811,0.0390694,0.0294118,0.0174849,0.1348604,54975,0.2958978,0.1570649,0.6537521,0.0914593
2009,Georgia,13,0.1525719,0.0967742,0.0557977,0.0470224,0.161705,45608,0.0943142,0.321342,0.7024594,0.0734303
2010,Georgia,13,0.1371179,0.0882096,0.0489083,0.0550942,0.1884187,43165,0.0972716,0.318044,0.6751841,0.0730196
2011,Georgia,13,0.1414048,0.0878004,0.0536044,0.0472917,0.1944444,43211,0.097333,0.3233434,0.6821163,0.0783613
2012,Georgia,13,0.1153846,0.0644007,0.0509839,0.0446643,0.1851412,45800,0.0928622,0.2986572,0.6661298,0.0821201
2013,Georgia,13,0.1251064,0.0859574,0.0391489,0.0370624,0.186526,48617,0.0979212,0.2971827,0.6559116,0.0856127
2014,Georgia,13,0.1210139,0.0670482,0.0539657,0.0292887,0.1701255,48014.5,0.0925901,0.3216358,0.6554487,0.0874612
2015,Georgia,13,0.0990099,0.0618812,0.0371287,0.0262745,0.1816937,49000.5,0.1060131,0.3210458,0.6405129,0.0849673
2016,Georgia,13,0.1103388,0.0721112,0.0382276,0.0268619,0.1968663,50000,0.1164014,0.33556,0.6316168,0.0822911
2017,Georgia,13,0.0947099,0.0639932,0.0307167,0.0235815,0.1590442,52884,0.1109047,0.323996,0.6455542,0.0847506
2018,Georgia,13,0.0603372,0.0363798,0.0239574,0.0183961,0.1404382,56000,0.1133947,0.3151768,0.6647619,0.0817764
2009,Hawaii,15,0.1233859,0.0789096,0.0444763,0.0368272,0.1020581,61978,0.0810907,0.0111544,0.6316076,0.0828612
2010,Hawaii,15,0.122905,0.0712291,0.051676,0.0336311,0.123168,57006.5,0.0935365,0.0082326,0.6160932,0.0711158
2011,Hawaii,15,0.1244573,0.0680174,0.0564399,0.0317547,0.1240035,62025,0.0968971,0.010343,0.593076,0.068953
2012,Hawaii,15,0.1217862,0.0744249,0.0473613,0.0256093,0.1165855,60550,0.0985517,0.0120099,0.5923673,0.0764747
2013,Hawaii,15,0.0854817,0.063772,0.0217096,0.0240531,0.1326531,58000,0.089212,0.0125651,0.5951705,0.0813139
2014,Hawaii,15,0.0981183,0.0672043,0.030914,0.0178477,0.1056592,65000,0.083407,0.0125464,0.6037415,0.0887083
2015,Hawaii,15,0.0497159,0.03125,0.0184659,0.0147141,0.1006483,73520,0.0785994,0.0162041,0.6143025,0.0866083
2016,Hawaii,15,0.0578279,0.0352609,0.022567,0.0129819,0.1070123,68729,0.0871361,0.018096,0.6207007,0.0881196
2017,Hawaii,15,0.0524823,0.0297872,0.022695,0.0099701,0.0876133,74898.5,0.091326,0.0171486,0.6078871,0.0921236
2018,Hawaii,15,0.059816,0.0383436,0.0214724,0.0123846,0.0984183,74546,0.0871117,0.0138539,0.591416,0.0913098
2009,Idaho,16,0.0998279,0.0567986,0.0430293,0.0384995,0.1287536,50018,0.1174729,0.0064166,0.7647768,0.0683613
2010,Idaho,16,0.125,0.0862676,0.0387324,0.0411164,0.1529652,47887,0.1245951,0.0059806,0.736061,0.0789933
2011,Idaho,16,0.1430948,0.0915141,0.0515807,0.0444669,0.152977,46878.5,0.1452754,0.0080849,0.7004255,0.0730167
2012,Idaho,16,0.1292035,0.0743363,0.0548673,0.0369239,0.1663104,48040,0.1550802,0.0078941,0.7281068,0.0685001
2013,Idaho,16,0.1341682,0.0805009,0.0536673,0.0288665,0.1469634,49721,0.1506886,0.0068856,0.7232538,0.0715042
2014,Idaho,16,0.1070932,0.0764951,0.0305981,0.0233444,0.1280461,53037,0.1460219,0.0050024,0.6821053,0.0743211
2015,Idaho,16,0.0876747,0.0520966,0.0355781,0.0208692,0.1225452,54020,0.1478055,0.0075301,0.7244594,0.079389
2016,Idaho,16,0.0766423,0.0474453,0.0291971,0.0194959,0.1289617,54210,0.147499,0.0049232,0.6835749,0.0864514
2017,Idaho,16,0.0705596,0.0498783,0.0206813,0.0170477,0.1044932,59480,0.140062,0.0067803,0.6958541,0.0838822
2018,Idaho,16,0.0641184,0.0406905,0.0234279,0.0173363,0.113104,63021.5,0.1584744,0.0075464,0.7240773,0.0964715
2009,Illinois,17,0.1063702,0.0691106,0.0372596,0.0505768,0.130625,55020,0.1621597,0.1526534,0.7273001,0.0716198
2010,Illinois,17,0.1043098,0.0712055,0.0331043,0.053039,0.1393403,53440,0.1616017,0.1612194,0.7057006,0.0716743
2011,Illinois,17,0.1180812,0.0762608,0.0418204,0.0480437,0.1466711,50804,0.1726122,0.1515152,0.7011293,0.0686613
2012,Illinois,17,0.1051069,0.0653207,0.0397862,0.0434946,0.1447411,51956,0.1809149,0.1494188,0.6860501,0.0694601
2013,Illinois,17,0.0919753,0.0592593,0.032716,0.0454635,0.1329247,52897,0.1880535,0.1456406,0.6838816,0.0706554
2014,Illinois,17,0.0850384,0.0498721,0.0351662,0.0347016,0.1327192,57231,0.195816,0.1313702,0.6964887,0.0711878
2015,Illinois,17,0.0853018,0.0505249,0.0347769,0.0319789,0.1411808,55664,0.1954617,0.1218997,0.7054652,0.0751451
2016,Illinois,17,0.0809906,0.0435074,0.0374833,0.0318764,0.1114335,61974,0.1918063,0.1261913,0.6928873,0.0831416
2017,Illinois,17,0.0860068,0.0525597,0.0334471,0.02401,0.1198381,64617.5,0.1997041,0.1207328,0.6805873,0.0812472
2018,Illinois,17,0.0655499,0.0386016,0.0269483,0.0219924,0.107247,67000,0.2043509,0.1065145,0.7196925,0.0871374
2009,Indiana,18,0.1109813,0.0712617,0.0397196,0.0500739,0.1560062,48084,0.0646711,0.1042129,0.7384005,0.0857354
2010,Indiana,18,0.0974729,0.055355,0.0421179,0.051374,0.1745429,45143.5,0.0609319,0.101354,0.7467293,0.0856233
2011,Indiana,18,0.1234141,0.0738178,0.0495963,0.0421114,0.1843164,47167.5,0.0494857,0.1028527,0.749755,0.0867456
2012,Indiana,18,0.1211401,0.0581948,0.0629454,0.040995,0.1621253,47040,0.0519403,0.0981095,0.7317881,0.0861692
2013,Indiana,18,0.1,0.0666667,0.0333333,0.0347895,0.1589404,48000,0.0646373,0.0988338,0.7439469,0.0776833
2014,Indiana,18,0.1252874,0.0643678,0.0609195,0.0289575,0.1307235,52829,0.0785714,0.0772201,0.7400734,0.0868726
2015,Indiana,18,0.1217672,0.0668103,0.0549569,0.0244867,0.1540034,49598,0.0902241,0.0906009,0.7102439,0.0981352
2016,Indiana,18,0.115693,0.0618557,0.0538373,0.0233554,0.1422252,53767,0.0862203,0.0893344,0.737785,0.0988712
2017,Indiana,18,0.0741599,0.0486674,0.0254925,0.0161421,0.1196207,60840,0.0724374,0.0801049,0.7381285,0.104318
2018,Indiana,18,0.0849754,0.0628079,0.0221675,0.0145254,0.1193182,60000,0.0761047,0.0969722,0.7372881,0.0992226
2009,Iowa,19,0.0999011,0.0573689,0.0425321,0.0388642,0.1008108,52923,0.0629759,0.0347398,0.7693116,0.0867703
2010,Iowa,19,0.1042654,0.0672986,0.0369668,0.0369318,0.1087969,54088,0.0738636,0.0269886,0.7540897,0.077178
2011,Iowa,19,0.0918463,0.0562324,0.0356139,0.0347144,0.1103565,51949.5,0.0766277,0.0278355,0.7604281,0.0844665
2012,Iowa,19,0.1027333,0.0640905,0.0386428,0.0279898,0.1048971,52946.5,0.0728372,0.0353053,0.7346774,0.0791985
2013,Iowa,19,0.0808967,0.0536062,0.0272904,0.0264388,0.102849,56016,0.0751249,0.0367564,0.7457398,0.0780268
2014,Iowa,19,0.0813648,0.0459318,0.0354331,0.0240285,0.1192661,57231,0.0668294,0.0414868,0.7262681,0.083349
2015,Iowa,19,0.0792393,0.0412044,0.0380349,0.0201946,0.1034893,63005,0.0603406,0.0360097,0.7551946,0.0863747
2016,Iowa,19,0.0902022,0.0544323,0.0357698,0.0241279,0.1006424,63002,0.0706395,0.034593,0.7686375,0.0915698
2017,Iowa,19,0.0737705,0.0459016,0.0278689,0.017616,0.0951877,61993,0.0739871,0.0358191,0.743073,0.0839695
2018,Iowa,19,0.0545455,0.0264463,0.0280992,0.0139211,0.0879703,69051.5,0.0832367,0.0313225,0.7633434,0.0780162
2009,Kansas,20,0.1321696,0.0872818,0.0448878,0.0380914,0.1359423,50057,0.1040497,0.0693665,0.6868787,0.0870088
2010,Kansas,20,0.1279213,0.0750308,0.0528905,0.0365878,0.1357766,47000,0.0964221,0.0784314,0.6856469,0.0883364
2011,Kansas,20,0.1251596,0.0817369,0.0434227,0.0339545,0.153015,47796,0.1043478,0.0792961,0.6612521,0.084265
2012,Kansas,20,0.1432193,0.0874525,0.0557668,0.0307437,0.1509299,48390,0.0963855,0.0745742,0.6760514,0.0992937
2013,Kansas,20,0.1403509,0.0802005,0.0601504,0.0260906,0.1472347,50574.5,0.1014402,0.0705489,0.6608269,0.0958046
2014,Kansas,20,0.1393678,0.0876437,0.0517241,0.0214797,0.1258845,51608,0.1245389,0.0618355,0.6605409,0.0965502
2015,Kansas,20,0.0909091,0.0662558,0.0246533,0.0220751,0.1230705,55145,0.1314692,0.0627913,0.6719556,0.086338
2016,Kansas,20,0.1226819,0.0699001,0.0527817,0.0193161,0.1406844,58338,0.1359958,0.0524667,0.733303,0.0978857
2017,Kansas,20,0.0838235,0.0397059,0.0441176,0.0157338,0.1112669,58030.5,0.1555326,0.0461697,0.7017857,0.1049781
2018,Kansas,20,0.0950226,0.0527903,0.0422323,0.0156651,0.146488,60201.5,0.1574217,0.0467386,0.7330677,0.0998973
2009,Kentucky,21,0.1352657,0.0772947,0.057971,0.0508651,0.1767493,42000,0.031478,0.0644153,0.7528409,0.1159058
2010,Kentucky,21,0.145679,0.1012346,0.0444444,0.049701,0.1793706,44241,0.0381522,0.0734172,0.7318321,0.1064137
2011,Kentucky,21,0.1430364,0.0752823,0.0677541,0.0408593,0.1816201,43898,0.0328559,0.0749789,0.7303331,0.1145746
2012,Kentucky,21,0.1248455,0.0766378,0.0482077,0.0393258,0.1608911,43199,0.0366209,0.073866,0.7175258,0.1061174
2013,Kentucky,21,0.1523688,0.0960307,0.056338,0.0387528,0.1870048,43840,0.0414254,0.077951,0.6933733,0.1111359
2014,Kentucky,21,0.1626016,0.0921409,0.0704607,0.0327428,0.2142857,42620,0.046423,0.0809599,0.6492455,0.1273828
2015,Kentucky,21,0.1223881,0.0686567,0.0537313,0.0272796,0.2080596,44256,0.0406668,0.0704723,0.6819714,0.1366507
2016,Kentucky,21,0.1317716,0.079063,0.0527086,0.0240476,0.194499,45000,0.0364766,0.0694407,0.6985849,0.1334774
2017,Kentucky,21,0.0946565,0.0580153,0.0366412,0.019915,0.1544527,47355.5,0.0496548,0.079129,0.7044949,0.1301115
2018,Kentucky,21,0.1133858,0.0692913,0.0440945,0.0180434,0.1458019,52332,0.043135,0.1014942,0.7196307,0.1310967
2009,Louisiana,22,0.0875486,0.0544747,0.0330739,0.0329106,0.1936299,40000,0.0449879,0.3233696,0.756315,0.0902778
2010,Louisiana,22,0.120075,0.0844278,0.0356473,0.0289281,0.1413613,44904,0.0417174,0.3492692,0.7308081,0.089525
2011,Louisiana,22,0.1500938,0.1106942,0.0393996,0.0366509,0.226638,37568,0.0372828,0.3725118,0.7021388,0.0992101
2012,Louisiana,22,0.1354724,0.0891266,0.0463458,0.0349801,0.2230686,39347,0.0401964,0.374348,0.6970976,0.1049402
2013,Louisiana,22,0.1340388,0.0828924,0.0511464,0.0256635,0.2216495,39000,0.0498688,0.3388743,0.6784661,0.0968212
2014,Louisiana,22,0.1740707,0.0988214,0.0752493,0.0266314,0.1997113,41791.5,0.0502135,0.3331978,0.6940264,0.1128278
2015,Louisiana,22,0.14642,0.0868866,0.0595334,0.0277858,0.2317688,42397,0.0593343,0.3397974,0.6161873,0.1109986
2016,Louisiana,22,0.1205393,0.075337,0.0452022,0.0275329,0.1857897,46009,0.0581853,0.3261902,0.6715043,0.1148786
2017,Louisiana,22,0.128268,0.0727124,0.0555556,0.0232264,0.2027695,42879.5,0.0630631,0.3193975,0.6945557,0.1199324
2018,Louisiana,22,0.0896266,0.0473029,0.0423237,0.018732,0.2137481,44071.5,0.0662824,0.315562,0.675356,0.1188761
2009,Maine,23,0.140056,0.0812325,0.0588235,0.0428994,0.1270718,50000,0.0192308,0.0118343,0.8005086,0.1194938
2010,Maine,23,0.114061,0.0639135,0.0501475,0.0448189,0.1228679,50256,0.0141533,0.0080876,0.7706935,0.1214827
2011,Maine,23,0.1273632,0.0686567,0.0587065,0.0447681,0.1339818,51027,0.0091694,0.0097087,0.7855195,0.1236965
2012,Maine,23,0.1384462,0.0677291,0.0707171,0.0453227,0.1400192,52030,0.0101523,0.0135968,0.7613424,0.1214648
2013,Maine,23,0.1147186,0.0638528,0.0508658,0.0378389,0.1289875,52036.5,0.0105325,0.0157987,0.7639669,0.1207334
2014,Maine,23,0.1430769,0.0815385,0.0615385,0.0287532,0.1279157,53325,0.0129625,0.0193259,0.751162,0.1206693
2015,Maine,23,0.118,0.052,0.066,0.0228499,0.1391753,55439,0.0184069,0.0095208,0.7630542,0.1212314
2016,Maine,23,0.1282051,0.0790598,0.0491453,0.0193196,0.1328125,53516,0.0205796,0.0071399,0.7611489,0.1272575
2017,Maine,23,0.0971074,0.053719,0.0433884,0.0167415,0.1424265,53367,0.0220498,0.0155165,0.7510917,0.1322989
2018,Maine,23,0.0943396,0.0461216,0.048218,0.0177815,0.1254019,54088.5,0.0173582,0.022862,0.7418605,0.123624
2009,Maryland,24,0.0950041,0.049959,0.045045,0.0365155,0.0819084,66190,0.097333,0.2647059,0.7496967,0.0756481
2010,Maryland,24,0.0944,0.056,0.0384,0.0408391,0.0911591,66700,0.0985601,0.2756951,0.725813,0.0727408
2011,Maryland,24,0.0892575,0.0505529,0.0387046,0.0374829,0.1052632,67002,0.0956932,0.2741715,0.7218137,0.0767035
2012,Maryland,24,0.1028571,0.0677551,0.035102,0.0392835,0.0901503,70872,0.0941322,0.2781964,0.7224228,0.0742434
2013,Maryland,24,0.1,0.065873,0.034127,0.0351659,0.104851,73520,0.1001734,0.2870233,0.7041505,0.0749133
2014,Maryland,24,0.0792181,0.0421811,0.037037,0.0292546,0.1076007,68162,0.1037975,0.2925457,0.6870311,0.0724332
2015,Maryland,24,0.0639626,0.049922,0.0140406,0.0246354,0.0969734,79764,0.1007095,0.2928656,0.6923301,0.0723295
2016,Maryland,24,0.076555,0.046252,0.030303,0.0229416,0.0918552,75795,0.1170023,0.2992608,0.6828438,0.0769819
2017,Maryland,24,0.0790323,0.0354839,0.0435484,0.0230263,0.0774049,75250,0.1128543,0.2922571,0.6800507,0.0792004
2018,Maryland,24,0.0719064,0.0367893,0.0351171,0.0205128,0.0830435,84153,0.1176923,0.2874359,0.701943,0.0787179
2009,Massachusetts,25,0.1024691,0.0604938,0.0419753,0.043394,0.1214708,63300,0.1022859,0.0709028,0.7154113,0.0767145
2010,Massachusetts,25,0.0912454,0.0567201,0.0345253,0.0432917,0.1139966,60078.5,0.1082293,0.0772231,0.6733376,0.074493
2011,Massachusetts,25,0.0961776,0.0641184,0.0320592,0.0383642,0.1134159,63195.5,0.1106134,0.0759494,0.6984844,0.0749757
2012,Massachusetts,25,0.0844553,0.0514076,0.0330477,0.0344347,0.1129089,65015,0.1192277,0.0658838,0.7086535,0.0824045
2013,Massachusetts,25,0.0672478,0.0423412,0.0249066,0.0344618,0.1281126,65152,0.1198054,0.0703426,0.6926978,0.0833164
2014,Massachusetts,25,0.0752798,0.034588,0.0406918,0.0262748,0.1290201,64070,0.1076294,0.0801868,0.6684646,0.0906968
2015,Massachusetts,25,0.0712996,0.0361011,0.0351986,0.0259183,0.1339022,64950,0.1083076,0.0789564,0.6338764,0.0894267
2016,Massachusetts,25,0.0744021,0.0504872,0.023915,0.020897,0.115245,70743,0.117023,0.0752291,0.6479955,0.076515
2017,Massachusetts,25,0.0560579,0.0361664,0.0198915,0.0205939,0.0864198,75079,0.1232439,0.0704023,0.6606946,0.0836526
2018,Massachusetts,25,0.0556079,0.0320452,0.0235627,0.0172872,0.1034483,76050,0.1321476,0.0719747,0.641791,0.0779588
2009,Michigan,26,0.133122,0.0800317,0.0530903,0.0613404,0.1381107,50847,0.0435441,0.1530986,0.7843789,0.0921368
2010,Michigan,26,0.1192661,0.0703364,0.0489297,0.0562641,0.1438802,49100,0.0475119,0.1397849,0.7867525,0.0983996
2011,Michigan,26,0.1007874,0.0622047,0.0385827,0.0460906,0.1538462,48100,0.0532803,0.1363461,0.7868151,0.1098986
2012,Michigan,26,0.1100775,0.0651163,0.0449612,0.0402945,0.1580023,50651,0.0480434,0.1434844,0.7793926,0.1087434
2013,Michigan,26,0.1228209,0.0673534,0.0554675,0.0365722,0.1329761,51170,0.0475034,0.1279352,0.7850148,0.1026991
2014,Michigan,26,0.1096,0.0608,0.0488,0.0318767,0.1454799,53683,0.0536592,0.1393279,0.7553799,0.0966928
2015,Michigan,26,0.1111111,0.0654608,0.0456503,0.0232831,0.1478216,53084,0.0642847,0.1492166,0.778981,0.0975253
2016,Michigan,26,0.1053512,0.0568562,0.048495,0.0224222,0.1401895,55363,0.0591824,0.1535998,0.7375887,0.1063148
2017,Michigan,26,0.0835422,0.047619,0.0359231,0.0224102,0.1151351,59100,0.0558029,0.1349065,0.7512145,0.1010686
2018,Michigan,26,0.0775128,0.0511073,0.0264055,0.0196992,0.1301856,60020,0.0478195,0.1153383,0.7530575,0.1022556
2009,Minnesota,27,0.0849478,0.0543964,0.0305514,0.0421504,0.100265,60000,0.0524987,0.0509844,0.7833262,0.0832913
2010,Minnesota,27,0.0860686,0.0430343,0.0430343,0.0431885,0.1169641,59804.5,0.0524432,0.0640424,0.7748386,0.0807009
2011,Minnesota,27,0.0939105,0.0572267,0.0366838,0.0374425,0.115859,55611.5,0.0534892,0.0731434,0.7561913,0.0833437
2012,Minnesota,27,0.0892995,0.0484988,0.0408006,0.0332284,0.1055056,61250,0.0493392,0.0611705,0.7655289,0.0756451
2013,Minnesota,27,0.0823436,0.0530483,0.0292953,0.0292634,0.1018785,66002,0.0546165,0.0667255,0.7721387,0.0725277
2014,Minnesota,27,0.0836013,0.0493033,0.034298,0.0244549,0.1128277,65210,0.0606953,0.0643783,0.7777778,0.0792575
2015,Minnesota,27,0.0690141,0.0422535,0.0267606,0.025422,0.0882924,72118,0.0632499,0.0677242,0.74066,0.0799268
2016,Minnesota,27,0.0695652,0.0463768,0.0231884,0.0236162,0.0789357,71507,0.0669127,0.0659287,0.758358,0.0740467
2017,Minnesota,27,0.065407,0.0363372,0.0290698,0.0225179,0.0967742,73162,0.0621801,0.0895599,0.7452706,0.0862334
2018,Minnesota,27,0.0508721,0.0319767,0.0188953,0.0188144,0.0880996,73154.5,0.0474227,0.0701031,0.7582273,0.093299
2009,Mississippi,28,0.1557692,0.0980769,0.0576923,0.0456577,0.1963796,35000,0.0255428,0.4163474,0.7733832,0.1369732
2010,Mississippi,28,0.1845574,0.1129944,0.0715631,0.0444781,0.2316384,35000,0.0199697,0.3878971,0.7528593,0.1249622
2011,Mississippi,28,0.136646,0.0910973,0.0455487,0.0505529,0.2451081,35557,0.0205371,0.4189573,0.7291771,0.1137441
2012,Mississippi,28,0.2072937,0.1554702,0.0518234,0.0422535,0.175868,39951.5,0.020963,0.4094333,0.7848451,0.1244677
2013,Mississippi,28,0.2069632,0.1199226,0.0870406,0.0321533,0.2274775,36398,0.0246833,0.4144203,0.7367292,0.1351088
2014,Mississippi,28,0.1791713,0.1142217,0.0649496,0.0330579,0.213778,36485,0.0243072,0.3906174,0.7379346,0.1324745
2015,Mississippi,28,0.1521739,0.0931677,0.0590062,0.0308078,0.2230495,34993,0.0315243,0.391904,0.7166154,0.1375605
2016,Mississippi,28,0.1407035,0.0834171,0.0572864,0.0238373,0.1957347,40015.5,0.0256709,0.3730622,0.7191857,0.1251875
2017,Mississippi,28,0.1405039,0.0881783,0.0523256,0.0169782,0.2099071,40000,0.0262391,0.3788372,0.7287533,0.1215915
2018,Mississippi,28,0.125903,0.0743034,0.0515996,0.0211864,0.1890808,42970,0.0257768,0.394774,0.7281669,0.1181144
2009,Missouri,29,0.1268657,0.0735608,0.0533049,0.0472641,0.1369735,48572.5,0.0334485,0.1050718,0.7552998,0.1090711
2010,Missouri,29,0.1337719,0.0833333,0.0504386,0.0533333,0.1644718,51000,0.0403463,0.1203463,0.7314789,0.1033766
2011,Missouri,29,0.1267916,0.0705623,0.0562293,0.0420654,0.1522219,49796,0.0404405,0.1151832,0.7398897,0.104351
2012,Missouri,29,0.1381653,0.0645527,0.0736127,0.0328872,0.1594349,47837,0.034608,0.1045889,0.730719,0.1042065
2013,Missouri,29,0.1340659,0.0758242,0.0582418,0.0324957,0.1562393,50722,0.0328736,0.108634,0.7399741,0.1082562
2014,Missouri,29,0.1251613,0.0709677,0.0541935,0.0325074,0.1501844,53021,0.034886,0.103667,0.7472,0.1068385
2015,Missouri,29,0.0866753,0.0478655,0.0388098,0.0243797,0.1111111,59917,0.0487594,0.1018339,0.7021355,0.0970874
2016,Missouri,29,0.1012346,0.0580247,0.0432099,0.0202252,0.104211,62300,0.0512526,0.101356,0.7307061,0.1089405
2017,Missouri,29,0.0813953,0.0594315,0.0219638,0.0163896,0.1376901,56121,0.0458909,0.1051276,0.695583,0.1189417
2018,Missouri,29,0.078125,0.0454545,0.0326705,0.0177866,0.1101437,60000,0.048419,0.1128953,0.7401509,0.1126482
2009,Montana,30,0.1109091,0.0690909,0.0418182,0.0387858,0.1370437,45002,0.0317032,0.0040472,0.7459207,0.1055649
2010,Montana,30,0.1423358,0.0894161,0.0529197,0.0449475,0.1481056,42400,0.0396982,0.003937,0.7033333,0.105315
2011,Montana,30,0.1229947,0.0784314,0.0445633,0.035449,0.14,42163.5,0.0347738,0.0030385,0.7095826,0.1070223
2012,Montana,30,0.0963222,0.0542907,0.0420315,0.0313004,0.1634286,41800,0.0371087,0.0045176,0.6907786,0.1048725
2013,Montana,30,0.0711679,0.0364964,0.0346715,0.0295567,0.1399417,46800.5,0.0420361,0.0065681,0.6983146,0.0896552
2014,Montana,30,0.1104034,0.0615711,0.0488323,0.0249936,0.1283668,48000,0.0323897,0.006631,0.698895,0.1045652
2015,Montana,30,0.1030503,0.0601814,0.0428689,0.0229843,0.112111,53624,0.0328347,0.0051076,0.7144917,0.1017877
2016,Montana,30,0.0899563,0.0532751,0.0366812,0.023175,0.115528,52947,0.0365833,0.0041384,0.6799293,0.105115
2017,Montana,30,0.0603528,0.0371402,0.0232126,0.0203299,0.1159847,59374,0.0404933,0.0073321,0.6913788,0.1083153
2018,Montana,30,0.075,0.046875,0.028125,0.0188536,0.0943709,61738,0.0375167,0.0089507,0.7102417,0.1003618
2009,Nebraska,31,0.1076389,0.0636574,0.0439815,0.0239719,0.1052813,52820,0.1003703,0.040343,0.7616667,0.0740596
2010,Nebraska,31,0.0953488,0.0569767,0.0383721,0.0260636,0.1014589,53060,0.1077041,0.0442698,0.737504,0.071675
2011,Nebraska,31,0.1115023,0.0774648,0.0340376,0.0263775,0.0936658,54611,0.1338413,0.0396639,0.7307943,0.0758109
2012,Nebraska,31,0.1056911,0.0627178,0.0429733,0.0228073,0.0981614,60170,0.1288708,0.0415353,0.7393137,0.0804747
2013,Nebraska,31,0.0899281,0.0515588,0.0383693,0.019822,0.117668,54780.5,0.1284385,0.0422735,0.7206723,0.0798948
2014,Nebraska,31,0.1134846,0.0680908,0.0453939,0.0190683,0.1066272,57184,0.1287107,0.0407367,0.7471871,0.087974
2015,Nebraska,31,0.1096491,0.0701754,0.0394737,0.0181776,0.1291633,58145,0.126777,0.0605919,0.6948956,0.0857609
2016,Nebraska,31,0.0855457,0.0501475,0.0353982,0.0167333,0.1131059,64838,0.1256244,0.0536963,0.7071611,0.0901598
2017,Nebraska,31,0.0749625,0.041979,0.0329835,0.0133229,0.1036614,62000,0.1512539,0.0485893,0.693038,0.0937827
2018,Nebraska,31,0.0650155,0.0402477,0.0247678,0.014881,0.1032045,63078,0.146645,0.0465368,0.7012223,0.0919913
2009,Nevada,32,0.103912,0.0647922,0.0391198,0.0560551,0.1098937,58402.5,0.2651617,0.0684905,0.6431274,0.0652382
2010,Nevada,32,0.1473812,0.0962241,0.0511571,0.0745215,0.146471,51157,0.2821037,0.0758223,0.6011508,0.0741498
2011,Nevada,32,0.1367742,0.0774194,0.0593548,0.0664521,0.1784596,50729.5,0.2813328,0.079326,0.5700878,0.0683453
2012,Nevada,32,0.1253264,0.0704961,0.0548303,0.0507665,0.1625989,48000,0.2974318,0.073263,0.5683569,0.0776428
2013,Nevada,32,0.1307028,0.0789149,0.0517879,0.0518896,0.1592629,48540,0.3109458,0.0834149,0.5866708,0.0869395
2014,Nevada,32,0.120383,0.0725034,0.0478796,0.0386923,0.1647786,48650,0.3078833,0.0767639,0.5663282,0.0806952
2015,Nevada,32,0.1006098,0.0609756,0.0396341,0.0369714,0.1764491,49948.5,0.3041842,0.088333,0.5283676,0.0735001
2016,Nevada,32,0.0804249,0.0500759,0.030349,0.0283843,0.1254835,55000,0.3088307,0.074721,0.5450375,0.0761766
2017,Nevada,32,0.1010274,0.0547945,0.0462329,0.0165514,0.0928482,58530,0.312747,0.0704051,0.5583634,0.083498
2018,Nevada,32,0.1044046,0.0619902,0.0424144,0.0214918,0.1356894,58189,0.31378,0.0897598,0.565,0.0948167
2009,New Hampshire,33,0.0923345,0.0522648,0.0400697,0.0406469,0.0697733,71040,0.0262238,0.0099068,0.822146,0.0828963
2010,New Hampshire,33,0.0802792,0.047993,0.0322862,0.0351419,0.0815385,68382,0.023673,0.0127922,0.8151009,0.0811645
2011,New Hampshire,33,0.0788308,0.0451727,0.0336581,0.027461,0.062095,71794,0.0196579,0.0118547,0.8083225,0.082533
2012,New Hampshire,33,0.0924751,0.0462375,0.0462375,0.0327996,0.0754926,69590,0.0303125,0.0105705,0.7677229,0.0842531
2013,New Hampshire,33,0.0851064,0.0471785,0.0379278,0.0311636,0.0826402,71102,0.034234,0.0125883,0.7697621,0.0758367
2014,New Hampshire,33,0.0744559,0.0378007,0.0366552,0.0252041,0.0815234,73122.5,0.0363862,0.0127796,0.7779661,0.0875044
2015,New Hampshire,33,0.0856354,0.051105,0.0345304,0.0182835,0.0777126,76149.5,0.0337707,0.0144117,0.7807263,0.0905571
2016,New Hampshire,33,0.0659489,0.0430686,0.0228802,0.0161984,0.0716332,80005,0.0334093,0.0156922,0.7756031,0.0933941
2017,New Hampshire,33,0.0640114,0.0426743,0.0213371,0.0143716,0.0665716,78373,0.0347531,0.0162007,0.7689844,0.0901489
2018,New Hampshire,33,0.0451807,0.0271084,0.0180723,0.0146444,0.0633094,77000,0.0447176,0.01909,0.7631095,0.0959728
2009,New Jersey,34,0.0868347,0.0532213,0.0336134,0.0450259,0.0988568,69480,0.2115819,0.1022712,0.6997192,0.0616284
2010,New Jersey,34,0.0869972,0.0570627,0.0299345,0.0499048,0.101899,66640,0.2225999,0.1185749,0.6702762,0.0561599
2011,New Jersey,34,0.0916988,0.0550193,0.0366795,0.0488292,0.1042329,66280,0.2252998,0.1077955,0.6704838,0.0626785
2012,New Jersey,34,0.0901883,0.0525273,0.0376611,0.0455704,0.1117602,66900,0.2148104,0.1095788,0.6652025,0.0683556
2013,New Jersey,34,0.0757098,0.0399579,0.0357518,0.0409211,0.104106,68330,0.2176754,0.1089155,0.6913828,0.0704839
2014,New Jersey,34,0.0999011,0.0593472,0.0405539,0.032739,0.1125755,66000,0.2216416,0.1111282,0.684265,0.0776207
2015,New Jersey,34,0.0730805,0.0453284,0.0277521,0.0284875,0.1153234,68969.5,0.2088106,0.1202643,0.6567238,0.0776799
2016,New Jersey,34,0.0687623,0.0481336,0.0206287,0.0270814,0.1128637,71420,0.2124729,0.1205509,0.6283574,0.0677809
2017,New Jersey,34,0.0455992,0.0296925,0.0159067,0.0179241,0.0984397,70736,0.2040085,0.1257944,0.6505636,0.0736516
2018,New Jersey,34,0.0623656,0.0333333,0.0290323,0.0208722,0.0922345,71800,0.2085525,0.1411845,0.658516,0.0707619
2009,New Mexico,35,0.1386555,0.0903361,0.0483193,0.0362601,0.1905882,42627.5,0.4926581,0.0287684,0.7166362,0.0905004
2010,New Mexico,35,0.107221,0.0634573,0.0437637,0.0411927,0.1922321,43130,0.4872425,0.023363,0.686907,0.0952966
2011,New Mexico,35,0.1209503,0.075594,0.0453564,0.0322061,0.1813417,45000,0.489211,0.0254428,0.7579747,0.1020934
2012,New Mexico,35,0.0856531,0.0535332,0.0321199,0.0326158,0.2041913,43000,0.5065232,0.0208741,0.718472,0.1037182
2013,New Mexico,35,0.0708155,0.0450644,0.0257511,0.0314908,0.2001134,43322.5,0.4901173,0.0251256,0.7053809,0.1011725
2014,New Mexico,35,0.1380244,0.0852503,0.052774,0.0296822,0.2339623,40000,0.4898871,0.0191752,0.6977099,0.105595
2015,New Mexico,35,0.1318681,0.0749251,0.0569431,0.0232282,0.2104141,47980,0.4799932,0.0215327,0.6593343,0.1173279
2016,New Mexico,35,0.1471503,0.0953368,0.0518135,0.0269207,0.1940841,45053,0.5111776,0.0239295,0.6861584,0.1142947
2017,New Mexico,35,0.1260776,0.0840517,0.0420259,0.0288161,0.1758697,46261.5,0.5102915,0.0199243,0.6916058,0.1253087
2018,New Mexico,35,0.1147727,0.0738636,0.0409091,0.022293,0.191955,47399.5,0.4920382,0.0242392,0.7033922,0.1242038
2009,New York,36,0.10691,0.0677966,0.0391134,0.0391147,0.1509691,50870,0.1858117,0.1776545,0.5649329,0.0752206
2010,New York,36,0.1016436,0.0640138,0.0376298,0.0427374,0.1691531,50000,0.1954877,0.1768114,0.5505023,0.0780451
2011,New York,36,0.1103358,0.0671609,0.0431749,0.0388148,0.1666471,50000,0.1975275,0.1683818,0.5513556,0.0774225
2012,New York,36,0.0918681,0.0558242,0.036044,0.0398673,0.1661202,50360,0.2015241,0.1660316,0.5505748,0.0784646
2013,New York,36,0.1070944,0.0723,0.0347944,0.034402,0.1761844,48950,0.1916996,0.17201,0.5443631,0.0794174
2014,New York,36,0.1168646,0.0793349,0.0375297,0.030836,0.1617946,52000,0.1914189,0.1756697,0.546808,0.0784516
2015,New York,36,0.0860367,0.0531265,0.0329102,0.0258555,0.1423675,54000,0.1861597,0.1741445,0.5344955,0.0861597
2016,New York,36,0.0698772,0.0467422,0.023135,0.0219025,0.1488446,58018,0.1868585,0.164471,0.545002,0.0854279
2017,New York,36,0.0717381,0.0447761,0.026962,0.0202501,0.1252307,61000,0.1895119,0.1677289,0.5572079,0.085599
2018,New York,36,0.0664668,0.03998,0.0264868,0.021445,0.1408064,61535,0.1867075,0.1628798,0.5522302,0.0845034
2009,North Carolina,37,0.1539138,0.0985048,0.055409,0.0504202,0.1404917,44000,0.0813799,0.2177503,0.7097876,0.0840336
2010,North Carolina,37,0.132848,0.0900819,0.0427662,0.0467966,0.1753861,42705,0.0891645,0.2342781,0.7056686,0.0903454
2011,North Carolina,37,0.1523989,0.0978363,0.0545626,0.0491239,0.180341,44960,0.0879224,0.2210576,0.6963135,0.0890175
2012,North Carolina,37,0.1440144,0.0981098,0.0459046,0.0432707,0.1568627,45920,0.0966876,0.2169502,0.6924231,0.0914652
2013,North Carolina,37,0.1332745,0.0776699,0.0556046,0.0390602,0.1779076,43000,0.1053577,0.2074229,0.6998488,0.0920383
2014,North Carolina,37,0.1352941,0.0781513,0.0571429,0.0302033,0.1758156,45047.5,0.1082164,0.1972516,0.6799901,0.0964787
2015,North Carolina,37,0.1094527,0.0729685,0.0364842,0.0241427,0.1677592,49281,0.120439,0.1993141,0.6929098,0.0928669
2016,North Carolina,37,0.0995261,0.0600316,0.0394945,0.0240733,0.1597531,52000,0.1328136,0.190398,0.6738877,0.0905485
2017,North Carolina,37,0.0929669,0.0557801,0.0371867,0.0216019,0.1407334,55465,0.1207743,0.1914715,0.698656,0.0869687
2018,North Carolina,37,0.076661,0.0511073,0.0255537,0.0173427,0.134761,52432,0.1199295,0.1909171,0.6946375,0.0817166
2009,North Dakota,38,0.0589849,0.0384088,0.0205761,0.0271739,0.122575,50921,0.0160573,0.007164,0.7392232,0.0810277
2010,North Dakota,38,0.0685315,0.041958,0.0265734,0.0266308,0.1102093,53611,0.0141705,0.0095285,0.7443299,0.0762277
2011,North Dakota,38,0.0806676,0.0458971,0.0347705,0.0207216,0.1261071,55500,0.0238908,0.0119454,0.7605403,0.0794734
2012,North Dakota,38,0.0687758,0.0412655,0.0275103,0.019975,0.0946065,60000,0.0294632,0.0137328,0.742685,0.0853933
2013,North Dakota,38,0.0610465,0.0436047,0.0174419,0.0184204,0.1059081,58533.5,0.0290184,0.0126167,0.7321429,0.0802422
2014,North Dakota,38,0.0632603,0.0377129,0.0255474,0.0158768,0.1115076,59005,0.0399326,0.0223719,0.7000428,0.0801058
2015,North Dakota,38,0.0637544,0.038961,0.0247934,0.0161791,0.0906082,65100,0.0336879,0.0308067,0.6816197,0.0859929
2016,North Dakota,38,0.067938,0.0429082,0.0250298,0.0191142,0.1069182,62009.5,0.0314685,0.0286713,0.6806327,0.0864802
2017,North Dakota,38,0.0605686,0.0321384,0.0284302,0.0137818,0.0999571,63400,0.0352721,0.0303667,0.701412,0.0950712
2018,North Dakota,38,0.0627401,0.0384123,0.0243278,0.0122642,0.1099321,62737.5,0.0346698,0.0377358,0.6855501,0.0801887
2009,Ohio,39,0.1329404,0.0766208,0.0563196,0.0528658,0.1400837,49008,0.0362571,0.1089883,0.7181097,0.0976987
2010,Ohio,39,0.1312541,0.0812216,0.0500325,0.0516727,0.1369965,47593.5,0.0333475,0.1197528,0.7309425,0.0951417
2011,Ohio,39,0.1172461,0.0654397,0.0518064,0.0403109,0.1575501,47011,0.0360911,0.1268184,0.7134873,0.1026097
2012,Ohio,39,0.1474403,0.0737201,0.0737201,0.0354966,0.1565236,46000,0.0338234,0.1259711,0.7109504,0.104219
2013,Ohio,39,0.1230053,0.0718085,0.0511968,0.0352307,0.1555418,46560,0.0362635,0.1263484,0.701339,0.1025935
2014,Ohio,39,0.1395349,0.0827633,0.0567715,0.0279967,0.1401595,50000,0.0398777,0.1164569,0.7195024,0.1071639
2015,Ohio,39,0.1149852,0.0689911,0.0459941,0.0250542,0.1633129,50895.5,0.0391472,0.1205734,0.6785209,0.1106962
2016,Ohio,39,0.0960289,0.0534296,0.0425993,0.0259757,0.1399682,56005.5,0.0495671,0.118961,0.6874326,0.1022713
2017,Ohio,39,0.1002179,0.0522876,0.0479303,0.0240722,0.1394263,57001,0.0476429,0.1173521,0.6881083,0.1092026
2018,Ohio,39,0.1022463,0.0635167,0.0387297,0.0235343,0.1246298,61960,0.0367465,0.1030829,0.7169325,0.1135425
2009,Oklahoma,40,0.1355422,0.0737952,0.061747,0.0262398,0.1507128,46658,0.1006259,0.0830525,0.7125891,0.1227732
2010,Oklahoma,40,0.1389728,0.0770393,0.0619335,0.0344247,0.1377489,46836,0.0873857,0.0883486,0.7012987,0.1227732
2011,Oklahoma,40,0.0963665,0.0473934,0.0489731,0.02687,0.1687648,44548,0.0796417,0.0854515,0.6946154,0.124183
2012,Oklahoma,40,0.1485623,0.0942492,0.0543131,0.0217887,0.1504167,48512,0.0815809,0.0869014,0.704277,0.1287053
2013,Oklahoma,40,0.1367925,0.0738994,0.0628931,0.0261664,0.1860855,49099.5,0.1019501,0.093804,0.6912535,0.1160207
2014,Oklahoma,40,0.1194409,0.0724269,0.047014,0.0208239,0.1695213,45125,0.1217746,0.0749208,0.7276542,0.1131734
2015,Oklahoma,40,0.1151439,0.0675845,0.0475594,0.0172309,0.1826722,49727.5,0.1299412,0.0616258,0.7060007,0.1084533
2016,Oklahoma,40,0.1182927,0.0682927,0.05,0.0209283,0.14,48706,0.1276419,0.0580191,0.6948163,0.1245338
2017,Oklahoma,40,0.0983607,0.0567465,0.0416141,0.0185889,0.1473645,50676,0.1332911,0.0566117,0.689729,0.1178707
2018,Oklahoma,40,0.1103811,0.0762155,0.0341656,0.0157951,0.1280753,55015,0.1468517,0.0642476,0.7111422,0.1197439
2009,Oregon,41,0.127204,0.0780856,0.0491184,0.0636035,0.1151994,52803,0.114366,0.0184591,0.6772024,0.0967095
2010,Oregon,41,0.1108247,0.0631443,0.0476804,0.0603306,0.1441632,50244,0.1159091,0.0216942,0.6650652,0.0981405
2011,Oregon,41,0.1160151,0.0655738,0.0504414,0.0505476,0.1511326,52006.5,0.1013058,0.0210615,0.6687117,0.1042544
2012,Oregon,41,0.1232529,0.0775095,0.0457433,0.0445273,0.1497076,52006.5,0.1136214,0.0265409,0.66742,0.1223953
2013,Oregon,41,0.1357702,0.0848564,0.0509138,0.0394218,0.1405701,53850,0.129873,0.021682,0.6499634,0.1173894
2014,Oregon,41,0.1296758,0.0760599,0.053616,0.0330012,0.1478485,55000,0.1317974,0.0203404,0.6161055,0.1185139
2015,Oregon,41,0.1051314,0.0588235,0.0463079,0.0243034,0.1479554,59489,0.1456107,0.0188561,0.618272,0.1143935
2016,Oregon,41,0.0878713,0.0519802,0.0358911,0.0182887,0.1250498,62009.5,0.1715654,0.0211191,0.6184161,0.1119094
2017,Oregon,41,0.0784558,0.0523039,0.0261519,0.0202543,0.1262212,60020,0.1600948,0.0170222,0.6059021,0.1079509
2018,Oregon,41,0.0633075,0.0322997,0.0310078,0.0229148,0.0988829,67004,0.1379468,0.0146654,0.6369702,0.1093034
2009,Pennsylvania,42,0.0888369,0.0526008,0.0362361,0.0413272,0.1134871,53000,0.0626288,0.1107294,0.7777597,0.105134
2010,Pennsylvania,42,0.103184,0.0613208,0.0418632,0.0418595,0.1119481,50402.5,0.0605756,0.1024351,0.7738277,0.1005232
2011,Pennsylvania,42,0.1012048,0.0608434,0.0403614,0.037075,0.1264451,49466,0.0631913,0.1026219,0.7493427,0.1032364
2012,Pennsylvania,42,0.0857143,0.0534954,0.0322188,0.0384229,0.1275778,51221,0.0632669,0.1049085,0.7362525,0.0926373
2013,Pennsylvania,42,0.0931223,0.0517346,0.0413877,0.0346285,0.1450368,54060,0.0679485,0.117878,0.725183,0.0954298
2014,Pennsylvania,42,0.0885839,0.0524017,0.0361822,0.0286864,0.1221926,56061.5,0.0783317,0.1033132,0.752129,0.0986557
2015,Pennsylvania,42,0.0878553,0.0581395,0.0297158,0.024211,0.1301764,58236,0.0782534,0.1100303,0.7300401,0.0990056
2016,Pennsylvania,42,0.0847012,0.0551543,0.0295469,0.0269321,0.1263113,62238.5,0.0791569,0.1029274,0.750714,0.1078454
2017,Pennsylvania,42,0.0627202,0.0415786,0.0211416,0.0243541,0.1166292,62060,0.0808505,0.1043392,0.7365614,0.1087897
2018,Pennsylvania,42,0.0693727,0.0391144,0.0302583,0.0199611,0.1133396,66000,0.0836034,0.0894362,0.7330819,0.1138043
2009,Rhode Island,44,0.1278826,0.0754717,0.0524109,0.0564731,0.138968,55511,0.1323033,0.0719233,0.6603601,0.0905701
2010,Rhode Island,44,0.127967,0.0753354,0.0526316,0.0623103,0.152372,52177,0.1497947,0.0748081,0.6317066,0.0933762
2011,Rhode Island,44,0.1309013,0.0890558,0.0418455,0.0583409,0.1496621,53555,0.1451231,0.0672744,0.6600496,0.0988149
2012,Rhode Island,44,0.1170213,0.0776596,0.0393617,0.0524049,0.1356307,51000,0.1536253,0.0534817,0.6570552,0.0988873
2013,Rhode Island,44,0.0865169,0.0595506,0.0269663,0.0473062,0.1546493,56028,0.1466116,0.0692698,0.6530612,0.0948001
2014,Rhode Island,44,0.0817518,0.0408759,0.0408759,0.042838,0.1296903,59092,0.1372155,0.0633646,0.6546268,0.0968318
2015,Rhode Island,44,0.0914761,0.045738,0.045738,0.0358578,0.1077756,61989,0.1310665,0.0621329,0.6573165,0.1072643
2016,Rhode Island,44,0.1159136,0.0609037,0.0550098,0.024584,0.1185455,58376,0.1652799,0.0677005,0.6449827,0.091528
2017,Rhode Island,44,0.0632411,0.041502,0.0217391,0.0215582,0.1203639,62012,0.1599849,0.0639183,0.6194278,0.1013616
2018,Rhode Island,44,0.0567951,0.0344828,0.0223124,0.0215716,0.1298146,70000,0.1783513,0.075886,0.619499,0.0916795
2009,South Carolina,45,0.1233244,0.0884718,0.0348525,0.0545013,0.1438152,41840,0.0302295,0.2908208,0.7680897,0.109444
2010,South Carolina,45,0.1287263,0.096206,0.0325203,0.0530169,0.1498516,40950,0.0288376,0.3172138,0.7611994,0.0973824
2011,South Carolina,45,0.1349862,0.0853994,0.0495868,0.0506741,0.1726908,40798,0.0423059,0.3135751,0.7595331,0.1029754
2012,South Carolina,45,0.1321004,0.0805812,0.0515192,0.0437424,0.1930736,39000,0.0444714,0.3205346,0.7164493,0.1113001
2013,South Carolina,45,0.097166,0.0593792,0.0377868,0.0335681,0.1807082,43005.5,0.0462441,0.3061033,0.7276977,0.1058685
2014,South Carolina,45,0.130967,0.0856793,0.0452876,0.0276965,0.1712159,44255.5,0.0538167,0.2949786,0.766971,0.111011
2015,South Carolina,45,0.1022989,0.0689655,0.0333333,0.0284784,0.1682447,44580.5,0.0634662,0.2849878,0.6750349,0.0982506
2016,South Carolina,45,0.0850059,0.0484061,0.0365998,0.025593,0.1460259,48100,0.0570121,0.2965044,0.6906425,0.1017478
2017,South Carolina,45,0.0716724,0.0489192,0.0227531,0.0186285,0.1532084,54289.5,0.0515865,0.3076766,0.7559875,0.1121801
2018,South Carolina,45,0.0733104,0.0504009,0.0229095,0.0153942,0.1644737,52812,0.0617849,0.3014354,0.7421957,0.1198253
2009,South Dakota,46,0.1012658,0.0575374,0.0437284,0.0248727,0.1421703,53770.5,0.0315315,0.0144928,0.7581349,0.0808852
2010,South Dakota,46,0.1098779,0.063263,0.0466149,0.0315423,0.15232,47668.5,0.032826,0.0154044,0.7193469,0.0867412
2011,South Dakota,46,0.105814,0.0662791,0.0395349,0.0294118,0.1237656,48552,0.0390235,0.0161476,0.7372611,0.0947712
2012,South Dakota,46,0.1087719,0.0736842,0.0350877,0.0242317,0.1556314,50000,0.0409771,0.0197006,0.7052177,0.0927896
2013,South Dakota,46,0.0989761,0.0591581,0.039818,0.0208333,0.1216216,52021,0.0347877,0.0176887,0.7256697,0.0913915
2014,South Dakota,46,0.089701,0.0465116,0.0431894,0.0205105,0.1040773,57246,0.0335005,0.0207384,0.7469796,0.0868277
2015,South Dakota,46,0.0819398,0.0551839,0.0267559,0.0207707,0.1204482,59922.5,0.0341623,0.0204974,0.7184553,0.0849959
2016,South Dakota,46,0.0802676,0.0501672,0.0301003,0.0159303,0.1400778,59000,0.0429817,0.02104,0.7130667,0.0814548
2017,South Dakota,46,0.0980392,0.0604575,0.0375817,0.0188039,0.1482112,59339.5,0.0490136,0.02836,0.7074643,0.0967941
2018,South Dakota,46,0.0720268,0.0351759,0.0368509,0.015343,0.1017505,60621,0.0433213,0.0204573,0.7256034,0.0971721
2009,Tennessee,47,0.125,0.077957,0.047043,0.0535394,0.1479199,42013,0.0510753,0.1433692,0.7450319,0.1102151
2010,Tennessee,47,0.1336828,0.078637,0.0550459,0.0435265,0.1662219,42300,0.0490784,0.1567844,0.7306122,0.1097046
2011,Tennessee,47,0.1387755,0.077551,0.0612245,0.0411819,0.1733967,40002.5,0.0458353,0.1500698,0.7376733,0.1081899
2012,Tennessee,47,0.1530201,0.0872483,0.0657718,0.0358374,0.1633049,44757,0.0450264,0.1350793,0.7005693,0.1141741
2013,Tennessee,47,0.1335079,0.0837696,0.0497382,0.0340426,0.1847612,45000,0.0535274,0.144009,0.6781132,0.124972
2014,Tennessee,47,0.1141012,0.0688913,0.0452099,0.0281341,0.1776447,45070.5,0.0651634,0.1479106,0.6769406,0.1150186
2015,Tennessee,47,0.1105723,0.0533463,0.057226,0.0233992,0.1693933,46006,0.0687466,0.1558135,0.688615,0.1128242
2016,Tennessee,47,0.1050142,0.0577105,0.0473037,0.0213517,0.1540688,48804.5,0.0642315,0.1671078,0.6882479,0.106582
2017,Tennessee,47,0.0856031,0.0496109,0.0359922,0.0177848,0.1506591,51462,0.0596936,0.1808417,0.683908,0.1102307
2018,Tennessee,47,0.0976602,0.0579858,0.0396745,0.0153181,0.1151969,57000.5,0.0663183,0.1493963,0.7330416,0.1115516
2009,Texas,48,0.1459963,0.0912477,0.0547486,0.0339009,0.1673535,46100,0.4510836,0.1086687,0.6773718,0.0815273
2010,Texas,48,0.1566038,0.1030189,0.0535849,0.0389564,0.1845951,46900,0.4529828,0.1127498,0.6783532,0.0803031
2011,Texas,48,0.1486486,0.100976,0.0476727,0.0360314,0.1935323,46497.5,0.4497254,0.1145614,0.6648919,0.0751938
2012,Texas,48,0.1553434,0.1028278,0.0525156,0.0308442,0.18652,48484.5,0.4462715,0.112013,0.6748926,0.0774508
2013,Texas,48,0.138552,0.0852628,0.0532892,0.0303964,0.182505,50000,0.4513002,0.1187074,0.6534077,0.0761424
2014,Texas,48,0.1225225,0.08,0.0425225,0.0218431,0.1786649,51223,0.447632,0.1118828,0.6525376,0.0748905
2015,Texas,48,0.0957725,0.0538721,0.0419005,0.019909,0.1702273,53091.5,0.4220188,0.1146447,0.6498466,0.0783432
2016,Texas,48,0.1071167,0.0641966,0.04292,0.0218375,0.1570181,55675,0.417257,0.1075366,0.6654452,0.0802663
2017,Texas,48,0.1011603,0.059826,0.0413343,0.0200833,0.1427429,58060,0.4335038,0.1040536,0.6578327,0.0795425
2018,Texas,48,0.0932235,0.0614002,0.0318233,0.0176738,0.138629,59196,0.4341693,0.1068533,0.6754588,0.0786942
2009,Utah,49,0.113879,0.069395,0.044484,0.0338448,0.0782838,65000,0.1234206,0.0106047,0.784041,0.0564079
2010,Utah,49,0.1168385,0.0773196,0.0395189,0.0369458,0.1129216,60000,0.1236005,0.0136588,0.7528587,0.0510524
2011,Utah,49,0.1356522,0.0904348,0.0452174,0.029638,0.1075435,57135.5,0.1226244,0.0196833,0.73454,0.0588235
2012,Utah,49,0.1163575,0.084317,0.0320405,0.030519,0.109167,58040,0.1343284,0.0196035,0.7034432,0.0590332
2013,Utah,49,0.0782313,0.0510204,0.0272109,0.0166127,0.1105874,60020,0.1352751,0.0114347,0.7067721,0.0604099
2014,Utah,49,0.1009317,0.052795,0.0481366,0.0170634,0.1059874,63204,0.1365073,0.0082157,0.7264118,0.0617232
2015,Utah,49,0.0791269,0.0518417,0.0272851,0.0147368,0.1054867,65000,0.1356938,0.0084211,0.7526121,0.0625837
2016,Utah,49,0.0872675,0.0529328,0.0343348,0.0185256,0.0973693,68767,0.1537433,0.0116501,0.7795455,0.0647441
2017,Utah,49,0.0708215,0.0467422,0.0240793,0.0185149,0.0847284,70022,0.1629312,0.00916,0.7759295,0.0783473
2018,Utah,49,0.0632022,0.0519663,0.011236,0.0155703,0.0887949,75003,0.1650448,0.009926,0.7788079,0.079603
2009,Vermont,50,0.1146789,0.0642202,0.0504587,0.0395789,0.0861609,51950,0.0153684,0.0067368,0.7817446,0.0917895
2010,Vermont,50,0.0962241,0.0584653,0.0377588,0.0369217,0.0964467,55000,0.0124555,0.0102313,0.7854711,0.1038701
2011,Vermont,50,0.1035758,0.0579531,0.0456227,0.0318698,0.1103639,57426,0.0113662,0.008246,0.7817415,0.1029641
2012,Vermont,50,0.1156812,0.0604113,0.0552699,0.027367,0.1237153,55001,0.0136835,0.0101523,0.759273,0.1026264
2013,Vermont,50,0.105,0.05875,0.04625,0.0206022,0.1181665,57980,0.0147159,0.0129047,0.754996,0.0973511
2014,Vermont,50,0.0881988,0.047205,0.0409938,0.021292,0.0759837,60388,0.0142753,0.0096782,0.7693966,0.1001694
2015,Vermont,50,0.0847914,0.0497981,0.0349933,0.0146693,0.0928765,64898,0.0144207,0.0096967,0.7602769,0.0957235
2016,Vermont,50,0.0702703,0.0445946,0.0256757,0.0151194,0.1054978,63102,0.0148541,0.0135279,0.740019,0.103183
2017,Vermont,50,0.0731383,0.0492021,0.0239362,0.0178571,0.1,63085,0.0124459,0.0135281,0.745069,0.1117424
2018,Vermont,50,0.0703448,0.0455172,0.0248276,0.0130592,0.0906234,67143,0.0150042,0.0113921,0.7646761,0.1078077
2009,Virginia,51,0.0789946,0.0466786,0.032316,0.0361985,0.1033263,65000,0.0716981,0.1939902,0.7266896,0.0786862
2010,Virginia,51,0.0711111,0.0533333,0.0177778,0.038451,0.1094225,61636,0.0778599,0.2042967,0.7140267,0.0697865
2011,Virginia,51,0.065445,0.0401396,0.0253054,0.0338936,0.1032931,61592,0.0817029,0.1935795,0.6971154,0.0673739
2012,Virginia,51,0.0856401,0.050173,0.0354671,0.0305593,0.1133972,64000,0.0735334,0.2057299,0.6718007,0.0748977
2013,Virginia,51,0.0770626,0.0426111,0.0344515,0.0234133,0.1061453,65786,0.0822285,0.1947814,0.6850266,0.077292
2014,Virginia,51,0.077512,0.0430622,0.0344498,0.0272938,0.1055747,68857,0.0917538,0.2028165,0.699601,0.0714286
2015,Virginia,51,0.0677638,0.0377541,0.0300097,0.0238421,0.096884,69004.5,0.1034169,0.1922551,0.6900296,0.0792711
2016,Virginia,51,0.0725971,0.0357873,0.0368098,0.0179856,0.0979302,63800,0.113395,0.1846523,0.6736009,0.0799931
2017,Virginia,51,0.0829787,0.0542553,0.0287234,0.0161818,0.104071,68717.5,0.1168876,0.1898778,0.6799538,0.0769496
2018,Virginia,51,0.0626993,0.0297556,0.0329437,0.0137518,0.1024746,75652.5,0.1294076,0.1722496,0.6733895,0.0870945
2009,Washington,53,0.1417666,0.0839695,0.0577972,0.0490046,0.1048085,60927,0.1017526,0.0338608,0.6959309,0.093415
2010,Washington,53,0.1247312,0.0752688,0.0494624,0.0510937,0.1251452,61088,0.1238938,0.0390716,0.6602709,0.0889965
2011,Washington,53,0.1220021,0.0740355,0.0479666,0.0492431,0.1248215,57780,0.1297621,0.0347696,0.6710161,0.0966561
2012,Washington,53,0.1146694,0.0650826,0.0495868,0.0420064,0.1225208,59983.5,0.123006,0.0384615,0.6611954,0.0989011
2013,Washington,53,0.1039501,0.0696466,0.0343035,0.0327017,0.122858,63779,0.1197384,0.0437699,0.6502069,0.0974342
2014,Washington,53,0.1076582,0.0599334,0.0477248,0.0331377,0.1215453,64000,0.1373835,0.0407318,0.660452,0.0909562
2015,Washington,53,0.0958904,0.0593607,0.0365297,0.0297714,0.1286798,60058,0.1532873,0.0492646,0.6445415,0.1038455
2016,Washington,53,0.0833333,0.0460526,0.0372807,0.026618,0.1214496,69928,0.158979,0.0344576,0.6460094,0.1013674
2017,Washington,53,0.0779915,0.0523504,0.025641,0.0259718,0.1181175,71024,0.1535646,0.0336413,0.6527615,0.0943002
2018,Washington,53,0.079558,0.0464088,0.0331492,0.0252587,0.1043001,78390,0.1610244,0.0320996,0.6891147,0.0863006
2009,West Virginia,54,0.1257962,0.0732484,0.0525478,0.0402093,0.1531146,42590.5,0.0195538,0.0360782,0.8243811,0.1426604
2010,West Virginia,54,0.1300813,0.0829268,0.0471545,0.0416077,0.1741028,42636,0.0155675,0.0328333,0.8243437,0.136428
2011,West Virginia,54,0.1068111,0.0773994,0.0294118,0.0338607,0.1804175,43960,0.0086039,0.0383014,0.8306491,0.1326672
2012,West Virginia,54,0.1234177,0.0775316,0.0458861,0.032492,0.1857363,43244,0.0098636,0.0353931,0.7819095,0.1427328
2013,West Virginia,54,0.1155063,0.0727848,0.0427215,0.0302053,0.1789016,45086.5,0.0129032,0.0296188,0.7939171,0.1439883
2014,West Virginia,54,0.1324828,0.0834151,0.0490677,0.0286229,0.2035398,43138,0.0160018,0.032229,0.7788318,0.14627
2015,West Virginia,54,0.1005677,0.053528,0.0470397,0.0271192,0.2067175,42000,0.0136449,0.0358178,0.765154,0.1558929
2016,West Virginia,54,0.1075182,0.0638642,0.043654,0.0253903,0.1496759,45010,0.0135625,0.0380066,0.7475121,0.1498186
2017,West Virginia,54,0.1082694,0.0673487,0.0409207,0.0242802,0.1792506,46123,0.0182101,0.031751,0.7596128,0.1447471
2018,West Virginia,54,0.1311031,0.0840868,0.0470163,0.022019,0.1816799,47564,0.0193089,0.0382791,0.779274,0.1519309
2009,Wisconsin,55,0.0909091,0.0545455,0.0363636,0.0476264,0.0982096,55005,0.0745122,0.0522354,0.7804753,0.0857275
2010,Wisconsin,55,0.0835629,0.0486685,0.0348944,0.051791,0.1120043,53182.5,0.066677,0.0607846,0.746358,0.0699333
2011,Wisconsin,55,0.0972477,0.0541284,0.0431193,0.0392126,0.1016949,52028,0.0667083,0.056085,0.7341133,0.0826433
2012,Wisconsin,55,0.0870736,0.05386,0.0332136,0.0400898,0.1336549,54939,0.070077,0.0548428,0.7126876,0.0966966
2013,Wisconsin,55,0.0920938,0.050391,0.0417029,0.0374473,0.1195743,55598,0.0745826,0.056015,0.7333867,0.0886254
2014,Wisconsin,55,0.099889,0.0566038,0.0432852,0.0336556,0.1107472,57881,0.0818117,0.0648049,0.7282299,0.0905836
2015,Wisconsin,55,0.0927152,0.0596026,0.0331126,0.0268994,0.1014792,60800,0.0950719,0.0605749,0.7442088,0.0839836
2016,Wisconsin,55,0.0748663,0.0427807,0.0320856,0.0237222,0.1175943,56563.5,0.1073612,0.0582049,0.6971622,0.1010027
2017,Wisconsin,55,0.0688259,0.0431849,0.025641,0.0173285,0.1128472,61263,0.0707581,0.0688327,0.6956522,0.0873646
2018,Wisconsin,55,0.0553191,0.035461,0.0198582,0.0160804,0.1032609,66090,0.0633166,0.0660804,0.7215686,0.0834171
2009,Wyoming,56,0.1051913,0.0628415,0.0423497,0.0350304,0.0933442,58500,0.0927137,0.0086408,0.7899093,0.0864082
2010,Wyoming,56,0.1086957,0.0692935,0.0394022,0.0359937,0.0912606,57580,0.094791,0.0082719,0.7809094,0.0838364
2011,Wyoming,56,0.1049724,0.0662983,0.038674,0.0311404,0.1048357,55000,0.1067982,0.0105263,0.7360662,0.0877193
2012,Wyoming,56,0.1134163,0.0691563,0.04426,0.0297921,0.0963195,59001.5,0.1096998,0.0080831,0.7242297,0.0842956
2013,Wyoming,56,0.1315029,0.0794798,0.0520231,0.0233679,0.0943552,61663.5,0.0980487,0.0089135,0.7533333,0.0814262
2014,Wyoming,56,0.0835476,0.0501285,0.033419,0.0198135,0.1248923,62046,0.1018648,0.0051282,0.7573136,0.0864802
2015,Wyoming,56,0.093985,0.056391,0.037594,0.0229702,0.087889,59082,0.1025699,0.0090971,0.7406807,0.0877871
2016,Wyoming,56,0.1227154,0.0796345,0.0430809,0.0261682,0.0943878,65021,0.1046729,0.0114486,0.7330097,0.082243
2017,Wyoming,56,0.0860495,0.0508475,0.0352021,0.0216718,0.101221,60735,0.1068111,0.0088456,0.7241379,0.0882353
2018,Wyoming,56,0.0822102,0.0444744,0.0377358,0.0220431,0.1155822,59388.5,0.1199336,0.009955,0.7072274,0.0948092
